Group,Sample ID,SNP Name,Allele1 - Top,Allele2 - Top,Allele1 - Forward,Allele2 - Forward,Chr,Position,SNP
CN,003_S_4119,rs1000000,A,A,T,T,12,126890980,[T/C]
CN,003_S_4119,rs1000002,A,A,A,A,3,183635768,[A/G]
CN,003_S_4119,rs10000023,C,C,G,G,4,95733906,[T/G]
CN,003_S_4119,rs1000003,A,A,A,A,3,98342907,[T/C]
CN,003_S_4119,rs10000030,G,G,G,G,4,103374154,[T/C]
CN,003_S_4119,rs10000037,A,G,A,G,4,38924330,[T/C]
CN,003_S_4119,rs10000041,A,C,T,G,4,165621955,[A/C]
CN,003_S_4119,rs10000042,G,G,C,C,4,5237152,[A/G]
CN,003_S_4119,rs10000049,A,A,A,A,4,118948220,[A/C]
CN,003_S_4119,rs1000007,G,G,G,G,2,237752054,[A/G]
MCI,005_S_4185,rs1000000,A,G,T,C,12,126890980,[T/C]
MCI,005_S_4185,rs1000002,G,G,G,G,3,183635768,[A/G]
MCI,005_S_4185,rs10000023,A,C,T,G,4,95733906,[T/G]
MCI,005_S_4185,rs1000003,A,A,A,A,3,98342907,[T/C]
MCI,005_S_4185,rs10000030,A,G,A,G,4,103374154,[T/C]
MCI,005_S_4185,rs10000037,G,G,G,G,4,38924330,[T/C]
MCI,005_S_4185,rs10000041,A,C,T,G,4,165621955,[A/C]
MCI,005_S_4185,rs10000042,G,G,C,C,4,5237152,[A/G]
MCI,005_S_4185,rs10000049,A,A,A,A,4,118948220,[A/C]
MCI,005_S_4185,rs1000007,A,G,A,G,2,237752054,[A/G]
MCI,009_S_2208,rs1000000,G,G,C,C,12,126890980,[T/C]
MCI,009_S_2208,rs1000002,A,A,A,A,3,183635768,[A/G]
MCI,009_S_2208,rs10000023,A,A,T,T,4,95733906,[T/G]
MCI,009_S_2208,rs1000003,A,A,A,A,3,98342907,[T/C]
MCI,009_S_2208,rs10000030,G,G,G,G,4,103374154,[T/C]
MCI,009_S_2208,rs10000037,G,G,G,G,4,38924330,[T/C]
MCI,009_S_2208,rs10000041,A,A,T,T,4,165621955,[A/C]
MCI,009_S_2208,rs10000042,G,G,C,C,4,5237152,[A/G]
MCI,009_S_2208,rs10000049,A,A,A,A,4,118948220,[A/C]
MCI,009_S_2208,rs1000007,A,A,A,A,2,237752054,[A/G]
CN,007_S_4387,rs1000000,G,G,C,C,12,126890980,[T/C]
CN,007_S_4387,rs1000002,A,A,A,A,3,183635768,[A/G]
CN,007_S_4387,rs10000023,A,A,T,T,4,95733906,[T/G]
CN,007_S_4387,rs1000003,A,A,A,A,3,98342907,[T/C]
CN,007_S_4387,rs10000030,G,G,G,G,4,103374154,[T/C]
CN,007_S_4387,rs10000037,G,G,G,G,4,38924330,[T/C]
CN,007_S_4387,rs10000041,A,A,T,T,4,165621955,[A/C]
CN,007_S_4387,rs10000042,G,G,C,C,4,5237152,[A/G]
CN,007_S_4387,rs10000049,A,C,A,C,4,118948220,[A/C]
CN,007_S_4387,rs1000007,A,A,A,A,2,237752054,[A/G]
MCI,002_S_4473,rs1000000,G,G,C,C,12,126890980,[T/C]
MCI,002_S_4473,rs1000002,G,G,G,G,3,183635768,[A/G]
MCI,002_S_4473,rs10000023,A,C,T,G,4,95733906,[T/G]
MCI,002_S_4473,rs1000003,A,A,A,A,3,98342907,[T/C]
MCI,002_S_4473,rs10000030,G,G,G,G,4,103374154,[T/C]
MCI,002_S_4473,rs10000037,A,A,A,A,4,38924330,[T/C]
MCI,002_S_4473,rs10000041,A,A,T,T,4,165621955,[A/C]
MCI,002_S_4473,rs10000042,G,G,C,C,4,5237152,[A/G]
MCI,002_S_4473,rs10000049,A,A,A,A,4,118948220,[A/C]
MCI,002_S_4473,rs1000007,A,A,A,A,2,237752054,[A/G]
CN,002_S_4262,rs1000000,G,G,C,C,12,126890980,[T/C]
CN,002_S_4262,rs1000002,A,G,A,G,3,183635768,[A/G]
CN,002_S_4262,rs10000023,A,A,T,T,4,95733906,[T/G]
CN,002_S_4262,rs1000003,A,A,A,A,3,98342907,[T/C]
CN,002_S_4262,rs10000030,A,G,A,G,4,103374154,[T/C]
CN,002_S_4262,rs10000037,G,G,G,G,4,38924330,[T/C]
CN,002_S_4262,rs10000041,A,A,T,T,4,165621955,[A/C]
CN,002_S_4262,rs10000042,G,G,C,C,4,5237152,[A/G]
CN,002_S_4262,rs10000049,A,A,A,A,4,118948220,[A/C]
CN,002_S_4262,rs1000007,G,G,G,G,2,237752054,[A/G]
CN,003_S_4081,rs1000000,A,G,T,C,12,126890980,[T/C]
CN,003_S_4081,rs1000002,A,G,A,G,3,183635768,[A/G]
CN,003_S_4081,rs10000023,A,A,T,T,4,95733906,[T/G]
CN,003_S_4081,rs1000003,G,G,G,G,3,98342907,[T/C]
CN,003_S_4081,rs10000030,A,G,A,G,4,103374154,[T/C]
CN,003_S_4081,rs10000037,G,G,G,G,4,38924330,[T/C]
CN,003_S_4081,rs10000041,A,A,T,T,4,165621955,[A/C]
CN,003_S_4081,rs10000042,G,G,C,C,4,5237152,[A/G]
CN,003_S_4081,rs10000049,A,A,A,A,4,118948220,[A/C]
CN,003_S_4081,rs1000007,A,G,A,G,2,237752054,[A/G]
CN,002_S_4270,rs1000000,A,A,T,T,12,126890980,[T/C]
CN,002_S_4270,rs1000002,G,G,G,G,3,183635768,[A/G]
CN,002_S_4270,rs10000023,C,C,G,G,4,95733906,[T/G]
CN,002_S_4270,rs1000003,A,A,A,A,3,98342907,[T/C]
CN,002_S_4270,rs10000030,A,G,A,G,4,103374154,[T/C]
CN,002_S_4270,rs10000037,G,G,G,G,4,38924330,[T/C]
CN,002_S_4270,rs10000041,A,A,T,T,4,165621955,[A/C]
CN,002_S_4270,rs10000042,G,G,C,C,4,5237152,[A/G]
CN,002_S_4270,rs10000049,A,A,A,A,4,118948220,[A/C]
CN,002_S_4270,rs1000007,A,A,A,A,2,237752054,[A/G]
CN,006_S_4357,rs1000000,A,G,T,C,12,126890980,[T/C]
CN,006_S_4357,rs1000002,A,G,A,G,3,183635768,[A/G]
CN,006_S_4357,rs10000023,A,C,T,G,4,95733906,[T/G]
CN,006_S_4357,rs1000003,A,A,A,A,3,98342907,[T/C]
CN,006_S_4357,rs10000030,G,G,G,G,4,103374154,[T/C]
CN,006_S_4357,rs10000037,G,G,G,G,4,38924330,[T/C]
CN,006_S_4357,rs10000041,A,A,T,T,4,165621955,[A/C]
CN,006_S_4357,rs10000042,G,G,C,C,4,5237152,[A/G]
CN,006_S_4357,rs10000049,A,A,A,A,4,118948220,[A/C]
CN,006_S_4357,rs1000007,A,G,A,G,2,237752054,[A/G]
CN,006_S_4449,rs1000000,G,G,C,C,12,126890980,[T/C]
CN,006_S_4449,rs1000002,A,A,A,A,3,183635768,[A/G]
CN,006_S_4449,rs10000023,A,C,T,G,4,95733906,[T/G]
CN,006_S_4449,rs1000003,A,A,A,A,3,98342907,[T/C]
CN,006_S_4449,rs10000030,G,G,G,G,4,103374154,[T/C]
CN,006_S_4449,rs10000037,G,G,G,G,4,38924330,[T/C]
CN,006_S_4449,rs10000041,A,A,T,T,4,165621955,[A/C]
CN,006_S_4449,rs10000042,G,G,C,C,4,5237152,[A/G]
CN,006_S_4449,rs10000049,A,A,A,A,4,118948220,[A/C]
CN,006_S_4449,rs1000007,A,A,A,A,2,237752054,[A/G]
MCI,002_S_4237,rs1000000,A,A,T,T,12,126890980,[T/C]
MCI,002_S_4237,rs1000002,A,A,A,A,3,183635768,[A/G]
MCI,002_S_4237,rs10000023,C,C,G,G,4,95733906,[T/G]
MCI,002_S_4237,rs1000003,A,A,A,A,3,98342907,[T/C]
MCI,002_S_4237,rs10000030,G,G,G,G,4,103374154,[T/C]
MCI,002_S_4237,rs10000037,G,G,G,G,4,38924330,[T/C]
MCI,002_S_4237,rs10000041,A,A,T,T,4,165621955,[A/C]
MCI,002_S_4237,rs10000042,G,G,C,C,4,5237152,[A/G]
MCI,002_S_4237,rs10000049,A,A,A,A,4,118948220,[A/C]
MCI,002_S_4237,rs1000007,A,G,A,G,2,237752054,[A/G]
AD,006_S_4153,rs1000000,A,G,T,C,12,126890980,[T/C]
AD,006_S_4153,rs1000002,A,G,A,G,3,183635768,[A/G]
AD,006_S_4153,rs10000023,A,A,T,T,4,95733906,[T/G]
AD,006_S_4153,rs1000003,A,G,A,G,3,98342907,[T/C]
AD,006_S_4153,rs10000030,G,G,G,G,4,103374154,[T/C]
AD,006_S_4153,rs10000037,G,G,G,G,4,38924330,[T/C]
AD,006_S_4153,rs10000041,A,A,T,T,4,165621955,[A/C]
AD,006_S_4153,rs10000042,G,G,C,C,4,5237152,[A/G]
AD,006_S_4153,rs10000049,A,A,A,A,4,118948220,[A/C]
AD,006_S_4153,rs1000007,A,G,A,G,2,237752054,[A/G]
CN,003_S_4288,rs1000000,G,G,C,C,12,126890980,[T/C]
CN,003_S_4288,rs1000002,A,G,A,G,3,183635768,[A/G]
CN,003_S_4288,rs10000023,C,C,G,G,4,95733906,[T/G]
CN,003_S_4288,rs1000003,A,A,A,A,3,98342907,[T/C]
CN,003_S_4288,rs10000030,G,G,G,G,4,103374154,[T/C]
CN,003_S_4288,rs10000037,A,G,A,G,4,38924330,[T/C]
CN,003_S_4288,rs10000041,A,A,T,T,4,165621955,[A/C]
CN,003_S_4288,rs10000042,G,G,C,C,4,5237152,[A/G]
CN,003_S_4288,rs10000049,A,A,A,A,4,118948220,[A/C]
CN,003_S_4288,rs1000007,A,A,A,A,2,237752054,[A/G]
MCI,002_S_2043,rs1000000,A,G,T,C,12,126890980,[T/C]
MCI,002_S_2043,rs1000002,G,G,G,G,3,183635768,[A/G]
MCI,002_S_2043,rs10000023,A,C,T,G,4,95733906,[T/G]
MCI,002_S_2043,rs1000003,A,A,A,A,3,98342907,[T/C]
MCI,002_S_2043,rs10000030,G,G,G,G,4,103374154,[T/C]
MCI,002_S_2043,rs10000037,G,G,G,G,4,38924330,[T/C]
MCI,002_S_2043,rs10000041,A,A,T,T,4,165621955,[A/C]
MCI,002_S_2043,rs10000042,G,G,C,C,4,5237152,[A/G]
MCI,002_S_2043,rs10000049,A,A,A,A,4,118948220,[A/C]
MCI,002_S_2043,rs1000007,A,A,A,A,2,237752054,[A/G]
CN,009_S_4388,rs1000000,G,G,C,C,12,126890980,[T/C]
CN,009_S_4388,rs1000002,A,G,A,G,3,183635768,[A/G]
CN,009_S_4388,rs10000023,A,A,T,T,4,95733906,[T/G]
CN,009_S_4388,rs1000003,A,A,A,A,3,98342907,[T/C]
CN,009_S_4388,rs10000030,A,G,A,G,4,103374154,[T/C]
CN,009_S_4388,rs10000037,A,G,A,G,4,38924330,[T/C]
CN,009_S_4388,rs10000041,A,A,T,T,4,165621955,[A/C]
CN,009_S_4388,rs10000042,G,G,C,C,4,5237152,[A/G]
CN,009_S_4388,rs10000049,A,C,A,C,4,118948220,[A/C]
CN,009_S_4388,rs1000007,A,G,A,G,2,237752054,[A/G]
CN,002_S_4264,rs1000000,G,G,C,C,12,126890980,[T/C]
CN,002_S_4264,rs1000002,G,G,G,G,3,183635768,[A/G]
CN,002_S_4264,rs10000023,A,C,T,G,4,95733906,[T/G]
CN,002_S_4264,rs1000003,A,A,A,A,3,98342907,[T/C]
CN,002_S_4264,rs10000030,G,G,G,G,4,103374154,[T/C]
CN,002_S_4264,rs10000037,A,G,A,G,4,38924330,[T/C]
CN,002_S_4264,rs10000041,A,A,T,T,4,165621955,[A/C]
CN,002_S_4264,rs10000042,G,G,C,C,4,5237152,[A/G]
CN,002_S_4264,rs10000049,A,A,A,A,4,118948220,[A/C]
CN,002_S_4264,rs1000007,G,G,G,G,2,237752054,[A/G]
AD,003_S_4136,rs1000000,G,G,C,C,12,126890980,[T/C]
AD,003_S_4136,rs1000002,A,G,A,G,3,183635768,[A/G]
AD,003_S_4136,rs10000023,A,A,T,T,4,95733906,[T/G]
AD,003_S_4136,rs1000003,A,A,A,A,3,98342907,[T/C]
AD,003_S_4136,rs10000030,G,G,G,G,4,103374154,[T/C]
AD,003_S_4136,rs10000037,G,G,G,G,4,38924330,[T/C]
AD,003_S_4136,rs10000041,A,A,T,T,4,165621955,[A/C]
AD,003_S_4136,rs10000042,G,G,C,C,4,5237152,[A/G]
AD,003_S_4136,rs10000049,A,A,A,A,4,118948220,[A/C]
AD,003_S_4136,rs1000007,A,A,A,A,2,237752054,[A/G]
,009_S_4530,rs1000000,G,G,C,C,12,126890980,[T/C]
,009_S_4530,rs1000002,A,A,A,A,3,183635768,[A/G]
,009_S_4530,rs10000023,A,A,T,T,4,95733906,[T/G]
,009_S_4530,rs1000003,A,A,A,A,3,98342907,[T/C]
,009_S_4530,rs10000030,A,A,A,A,4,103374154,[T/C]
,009_S_4530,rs10000037,A,G,A,G,4,38924330,[T/C]
,009_S_4530,rs10000041,A,A,T,T,4,165621955,[A/C]
,009_S_4530,rs10000042,G,G,C,C,4,5237152,[A/G]
,009_S_4530,rs10000049,A,A,A,A,4,118948220,[A/C]
,009_S_4530,rs1000007,A,A,A,A,2,237752054,[A/G]
MCI,007_S_2106,rs1000000,G,G,C,C,12,126890980,[T/C]
MCI,007_S_2106,rs1000002,G,G,G,G,3,183635768,[A/G]
MCI,007_S_2106,rs10000023,A,C,T,G,4,95733906,[T/G]
MCI,007_S_2106,rs1000003,A,G,A,G,3,98342907,[T/C]
MCI,007_S_2106,rs10000030,G,G,G,G,4,103374154,[T/C]
MCI,007_S_2106,rs10000037,G,G,G,G,4,38924330,[T/C]
MCI,007_S_2106,rs10000041,A,A,T,T,4,165621955,[A/C]
MCI,007_S_2106,rs10000042,G,G,C,C,4,5237152,[A/G]
MCI,007_S_2106,rs10000049,A,C,A,C,4,118948220,[A/C]
MCI,007_S_2106,rs1000007,A,A,A,A,2,237752054,[A/G]
MCI,002_S_2010,rs1000000,G,G,C,C,12,126890980,[T/C]
MCI,002_S_2010,rs1000002,A,G,A,G,3,183635768,[A/G]
MCI,002_S_2010,rs10000023,A,C,T,G,4,95733906,[T/G]
MCI,002_S_2010,rs1000003,A,G,A,G,3,98342907,[T/C]
MCI,002_S_2010,rs10000030,G,G,G,G,4,103374154,[T/C]
MCI,002_S_2010,rs10000037,G,G,G,G,4,38924330,[T/C]
MCI,002_S_2010,rs10000041,A,A,T,T,4,165621955,[A/C]
MCI,002_S_2010,rs10000042,A,G,T,C,4,5237152,[A/G]
MCI,002_S_2010,rs10000049,A,A,A,A,4,118948220,[A/C]
MCI,002_S_2010,rs1000007,A,A,A,A,2,237752054,[A/G]
MCI,002_S_2073,rs1000000,G,G,C,C,12,126890980,[T/C]
MCI,002_S_2073,rs1000002,A,G,A,G,3,183635768,[A/G]
MCI,002_S_2073,rs10000023,A,A,T,T,4,95733906,[T/G]
MCI,002_S_2073,rs1000003,A,A,A,A,3,98342907,[T/C]
MCI,002_S_2073,rs10000030,G,G,G,G,4,103374154,[T/C]
MCI,002_S_2073,rs10000037,G,G,G,G,4,38924330,[T/C]
MCI,002_S_2073,rs10000041,A,A,T,T,4,165621955,[A/C]
MCI,002_S_2073,rs10000042,G,G,C,C,4,5237152,[A/G]
MCI,002_S_2073,rs10000049,A,A,A,A,4,118948220,[A/C]
MCI,002_S_2073,rs1000007,A,A,A,A,2,237752054,[A/G]